{
  "summary": {
    "ONSET": {
      "pearson_mean": 0.5824113580921194,
      "pearson_std": 0.2172227497882449,
      "mad_mean": 0.24978014555413805,
      "mad_std": 0.12496849543892075,
      "cosine_mean": 0.6047769420102093,
      "cosine_std": 0.20170832890818716,
      "n_pairs": 460
    },
    "COMBO": {
      "pearson_mean": 0.44415576725181144,
      "pearson_std": 0.21520503725425402,
      "mad_mean": 0.2788648119026423,
      "mad_std": 0.10384124741952366,
      "cosine_mean": 0.6601223405123549,
      "cosine_std": 0.1516910215900343,
      "n_pairs": 460
    },
    "SLIDE": {
      "pearson_mean": 0.24857577152956895,
      "pearson_std": 0.16813547048436125,
      "mad_mean": 0.3589643199021697,
      "mad_std": 0.09317152364773389,
      "cosine_mean": 0.7078801714962081,
      "cosine_std": 0.08086609465737842,
      "n_pairs": 460
    },
    "SUSTAIN": {
      "pearson_mean": 0.29444843003272614,
      "pearson_std": 0.17781789117958524,
      "mad_mean": 0.6034069406680497,
      "mad_std": 0.1590322276630083,
      "cosine_mean": 0.39659305933195027,
      "cosine_std": 0.1590322276630083,
      "n_pairs": 460
    },
    "WHISTLE": {
      "pearson_mean": 0.2153144224021721,
      "pearson_std": 0.19739688334691446,
      "mad_mean": 0.4290691395339026,
      "mad_std": 0.12128932898145739,
      "cosine_mean": 0.6357639093737332,
      "cosine_std": 0.14555435134474412,
      "n_pairs": 460
    },
    "FINISH": {
      "pearson_mean": 0.25558334059251586,
      "pearson_std": 0.20834699798639977,
      "mad_mean": 0.16469708540408218,
      "mad_std": 0.11257876462092527,
      "cosine_mean": 0.9146383925228317,
      "cosine_std": 0.07482613219304793,
      "n_pairs": 460
    },
    "CLAP": {
      "pearson_mean": 0.34632373179611914,
      "pearson_std": 0.22084815915107842,
      "mad_mean": 0.30442125716351365,
      "mad_std": 0.11210227586543797,
      "cosine_mean": 0.7810720521126969,
      "cosine_std": 0.11300665270856532,
      "n_pairs": 460
    },
    "X": {
      "pearson_mean": 0.008392905529861236,
      "pearson_std": 0.07199409007029425,
      "mad_mean": 0.5212753349701675,
      "mad_std": 0.04836160534552757,
      "cosine_mean": 0.008967887115497224,
      "cosine_std": 0.07214140451746275,
      "n_pairs": 460
    },
    "Y": {
      "pearson_mean": 0.0038638883646013,
      "pearson_std": 0.06466367541514063,
      "mad_mean": 0.5247276923871662,
      "mad_std": 0.04733332447372447,
      "cosine_mean": 0.005628763923696608,
      "cosine_std": 0.06649737584151959,
      "n_pairs": 460
    }
  },
  "cross_mapper_cosine_mean": 0.6029108295817944,
  "cross_mapper_cosine_std": 0.07842348292965239,
  "songs_analyzed": 292,
  "pairs_compared": 460
}