{
  "original": {
    "full_cosine_mean": 0.7741597565921419,
    "top_dim": 21,
    "top_pearson": 0.4509169425073072,
    "pairs": 455,
    "songs": 287
  },
  "cv_test": {
    "full_cosine_mean": 0.8041916489601135,
    "top_dim": 17,
    "top_pearson": 0.36044184251991657,
    "pairs": 235,
    "songs": 80
  },
  "delta": {
    "cosine_absolute": 0.030031892367971658,
    "cosine_percent": 3.879288753031069,
    "verdict": "\u2713 HOLDS \u2014 generalization confirmed"
  }
}