{
  "dim_summary": {
    "0": {
      "pearson_mean": 0.32592144993148264,
      "pearson_std": 0.16895366523924718,
      "cosine_mean": 0.8450872578463712,
      "cosine_std": 0.04273420896263328,
      "between_var_mean": 0.01035583671182394,
      "n_pairs": 455
    },
    "1": {
      "pearson_mean": 0.3896329152038926,
      "pearson_std": 0.18222700830014527,
      "cosine_mean": 0.39144101384208424,
      "cosine_std": 0.18407840606394502,
      "between_var_mean": 0.013230507262051105,
      "n_pairs": 455
    },
    "2": {
      "pearson_mean": 0.2700716147525204,
      "pearson_std": 0.15281727003521123,
      "cosine_mean": 0.8769164276647043,
      "cosine_std": 0.03942078508491507,
      "between_var_mean": 0.021349584683775902,
      "n_pairs": 455
    },
    "3": {
      "pearson_mean": 0.3702051157438891,
      "pearson_std": 0.16934010306623581,
      "cosine_mean": 0.7366586297422975,
      "cosine_std": 0.08075837975608811,
      "between_var_mean": 0.005368451122194529,
      "n_pairs": 455
    },
    "4": {
      "pearson_mean": 0.4154706988839908,
      "pearson_std": 0.19781775767893847,
      "cosine_mean": 0.466759986229814,
      "cosine_std": 0.18517436442859245,
      "between_var_mean": 0.01015089638531208,
      "n_pairs": 455
    },
    "5": {
      "pearson_mean": 0.28596758785036147,
      "pearson_std": 0.15312458503702867,
      "cosine_mean": 0.5054699373032365,
      "cosine_std": 0.15590204716202663,
      "between_var_mean": 0.010178366675972939,
      "n_pairs": 455
    },
    "6": {
      "pearson_mean": 0.24842536692265646,
      "pearson_std": 0.11941874691533838,
      "cosine_mean": 0.41142463097860527,
      "cosine_std": 0.14142519516039578,
      "between_var_mean": 0.005482146050781012,
      "n_pairs": 455
    },
    "7": {
      "pearson_mean": 0.1994336570045629,
      "pearson_std": 0.13324861987241515,
      "cosine_mean": 0.9025168189635644,
      "cosine_std": 0.02577495282456539,
      "between_var_mean": 0.0034568309783935547,
      "n_pairs": 455
    },
    "8": {
      "pearson_mean": 0.2578826413396173,
      "pearson_std": 0.12878842025870038,
      "cosine_mean": 0.8046318618805854,
      "cosine_std": 0.046120074596128824,
      "between_var_mean": 0.005341345444321632,
      "n_pairs": 455
    },
    "9": {
      "pearson_mean": 0.05851238777541935,
      "pearson_std": 0.0794023440181692,
      "cosine_mean": 0.6806099076847454,
      "cosine_std": 0.05014878142765446,
      "between_var_mean": 0.0050531961023807526,
      "n_pairs": 455
    },
    "10": {
      "pearson_mean": 0.17670876726225584,
      "pearson_std": 0.10822292947116152,
      "cosine_mean": 0.18996756817047883,
      "cosine_std": 0.1115117999303149,
      "between_var_mean": 0.006937279365956783,
      "n_pairs": 455
    },
    "11": {
      "pearson_mean": 0.2783140801746395,
      "pearson_std": 0.16666464866694622,
      "cosine_mean": 0.887507544376038,
      "cosine_std": 0.029295868631835073,
      "between_var_mean": 0.005099625326693058,
      "n_pairs": 455
    },
    "12": {
      "pearson_mean": 0.2910197031259667,
      "pearson_std": 0.15431983702567104,
      "cosine_mean": 0.8091365012493762,
      "cosine_std": 0.05900814867087427,
      "between_var_mean": 0.012224577367305756,
      "n_pairs": 455
    },
    "13": {
      "pearson_mean": 0.40505313538314774,
      "pearson_std": 0.1474983158706965,
      "cosine_mean": 0.9307429313659668,
      "cosine_std": 0.016211245076024974,
      "between_var_mean": 0.010382914915680885,
      "n_pairs": 455
    },
    "14": {
      "pearson_mean": 0.2233243558062698,
      "pearson_std": 0.1449185541174928,
      "cosine_mean": 0.8504452201036307,
      "cosine_std": 0.047558180145189616,
      "between_var_mean": 0.0142734469845891,
      "n_pairs": 455
    },
    "15": {
      "pearson_mean": 0.31320295694662553,
      "pearson_std": 0.1386014244943466,
      "cosine_mean": 0.5760751270822116,
      "cosine_std": 0.14370310912570033,
      "between_var_mean": 0.005238468758761883,
      "n_pairs": 455
    },
    "16": {
      "pearson_mean": 0.21074181002325607,
      "pearson_std": 0.16434136899689256,
      "cosine_mean": 0.7388341332529927,
      "cosine_std": 0.09513779192027674,
      "between_var_mean": 0.01410636305809021,
      "n_pairs": 455
    },
    "17": {
      "pearson_mean": 0.2961985355952838,
      "pearson_std": 0.1916889449956838,
      "cosine_mean": 0.9511475591869145,
      "cosine_std": 0.01456526565716464,
      "between_var_mean": 0.0024010040797293186,
      "n_pairs": 455
    },
    "18": {
      "pearson_mean": 0.14548570130241084,
      "pearson_std": 0.1041901966378881,
      "cosine_mean": 0.17968010097704662,
      "cosine_std": 0.1113582964916466,
      "between_var_mean": 0.004398556891828775,
      "n_pairs": 455
    },
    "19": {
      "pearson_mean": 0.265503830320697,
      "pearson_std": 0.16267533120208952,
      "cosine_mean": 0.6985486986872914,
      "cosine_std": 0.08479698152729773,
      "between_var_mean": 0.008601192384958267,
      "n_pairs": 455
    },
    "20": {
      "pearson_mean": 0.2955037621495694,
      "pearson_std": 0.15992456640773045,
      "cosine_mean": 0.380437154455397,
      "cosine_std": 0.16725211557703656,
      "between_var_mean": 0.005368040408939123,
      "n_pairs": 455
    },
    "21": {
      "pearson_mean": 0.4509169425073072,
      "pearson_std": 0.16699632442133078,
      "cosine_mean": 0.899789555649181,
      "cosine_std": 0.03414721132650101,
      "between_var_mean": 0.011656811460852623,
      "n_pairs": 455
    },
    "22": {
      "pearson_mean": 0.1879951648173784,
      "pearson_std": 0.11686172958827537,
      "cosine_mean": 0.20725552275553627,
      "cosine_std": 0.12482303706307112,
      "between_var_mean": 0.011361842975020409,
      "n_pairs": 455
    },
    "23": {
      "pearson_mean": 0.2720585003443367,
      "pearson_std": 0.16886549629355294,
      "cosine_mean": 0.7966392975587111,
      "cosine_std": 0.061054532818476885,
      "between_var_mean": 0.004746284335851669,
      "n_pairs": 455
    },
    "24": {
      "pearson_mean": 0.1827124996276878,
      "pearson_std": 0.15612489696576423,
      "cosine_mean": 0.7125772043898866,
      "cosine_std": 0.10414483458032295,
      "between_var_mean": 0.026716768741607666,
      "n_pairs": 455
    },
    "25": {
      "pearson_mean": 0.4242008373562727,
      "pearson_std": 0.1726483224967239,
      "cosine_mean": 0.4666255490833914,
      "cosine_std": 0.16903039285584084,
      "between_var_mean": 0.007514091208577156,
      "n_pairs": 455
    },
    "26": {
      "pearson_mean": 0.28742602648359616,
      "pearson_std": 0.13831183771745584,
      "cosine_mean": 0.905904696406899,
      "cosine_std": 0.02319911185709579,
      "between_var_mean": 0.006629872135818005,
      "n_pairs": 455
    },
    "27": {
      "pearson_mean": 0.2883898008941478,
      "pearson_std": 0.15780045253958006,
      "cosine_mean": 0.8067542820186405,
      "cosine_std": 0.06297547110423149,
      "between_var_mean": 0.016896165907382965,
      "n_pairs": 455
    },
    "28": {
      "pearson_mean": 0.23161386351043248,
      "pearson_std": 0.16201650765657655,
      "cosine_mean": 0.6892148245985691,
      "cosine_std": 0.12286002557851004,
      "between_var_mean": 0.015180394984781742,
      "n_pairs": 455
    },
    "29": {
      "pearson_mean": 0.12227220508317199,
      "pearson_std": 0.0967112946488631,
      "cosine_mean": 0.15805144380256125,
      "cosine_std": 0.10659319818510983,
      "between_var_mean": 0.007684525568038225,
      "n_pairs": 455
    },
    "30": {
      "pearson_mean": 0.18971614959845245,
      "pearson_std": 0.11997346215336913,
      "cosine_mean": 0.7906799949132479,
      "cosine_std": 0.053273377330791676,
      "between_var_mean": 0.00929255411028862,
      "n_pairs": 455
    },
    "31": {
      "pearson_mean": 0.1363381087621292,
      "pearson_std": 0.10841504035446858,